,Strategy,Status,Symbol,Date,Direction,Type,Req Qty,Filled Qty,Entry,Exit,CMP,Pnl,Pnl%,NetPnl,NetPnl%,Capital,Final Value,Brokerage,Trade ID,Entry Time,Exit Time
1,Aditi,completed,BAJAJFINSV,2023-08-04,Long,CNC,6,6,1484.4,1543.3,1550,353.4,3.97,317.24,3.56,8906.400000000001,9259.8,36.16,6763e332-7e3f-4796-b2b7-8c37a6d2ed88,2023-08-04 15:27:14,2023-09-08 10:27:45
2,Aditi,completed,BRITANNIA,2023-08-07,Long,CNC,2,2,4660.05,4697.7,4694.1,75.3,0.81,38.53,0.41,9320.1,9395.4,36.77,a339ef12-09c8-4805-83b9-73aa0541e9c3,2023-08-07 15:21:17,2023-11-22 10:19:26
3,Aditi,completed,SBIN,2023-08-09,Long,CNC,17,17,573.6,596.6,596.55,391,4.01,352.99,3.62,9751.2,10142.2,38.01,71078591-e5d0-49f3-bcd2-41b96b15bb51,2023-08-09 15:21:17,2023-09-13 14:16:10
4,Aditi,completed,ASIANPAINT,2023-08-10,Long,CNC,3,3,3235.4,3400,3402.2,493.8,5.09,455.78,4.7,9706.2,10200,38.02,58f521db-6ffc-41d4-874a-80a66d811575,2023-08-10 15:21:19,2024-01-01 09:56:05
5,Aditi,completed,BAJAJ-AUTO,2023-08-11,Long,CNC,2,2,4594.45,4795.45,4794.95,402,4.37,365.19,3.97,9188.9,9590.9,36.81,872cdd73-91fa-4d39-b2f8-3024cddb122a,2023-08-11 15:21:17,2023-09-11 13:05:48
6,Aditi,completed,APOLLOHOSP,2023-08-14,Long,CNC,2,2,4822.5,4974.25,4975,303.5,3.15,265.8,2.76,9645,9948.5,37.7,f2e0ccbc-3bb9-4d36-a719-e71c9ffc94fa,2023-08-14 15:21:17,2023-08-23 10:55:08
7,Aditi,completed,UPL,2023-08-16,Long,CNC,16,16,589.9,608.9,609.4,304,3.22,266.75,2.83,9438.4,9742.4,37.25,4f63ecb8-be15-44a9-abf4-530dce31b72c,2023-08-16 15:21:17,2023-09-05 09:18:20
8,Aditi,completed,BAJFINANCE,2023-08-17,Long,CNC,1,1,6911.9,7135.2,7123.2,223.3,3.23,191.68,2.77,6911.9,7135.2,31.62,97af8a73-84ab-4bf2-90e0-0ca3d3f9b9a5,2023-08-17 15:21:18,2023-08-22 11:40:18
9,Aditi,completed,KOTAKBANK,2023-08-18,Long,CNC,5,5,1749.88,1827.65,1827.2,388.85,4.44,352.99,4.03,8749.400000000001,9138.25,35.86,25a72dda-30d6-42a6-bcb3-885e7c33414d,2023-08-18 15:21:17,2023-09-13 12:44:37
10,Aditi,completed,HEROMOTOCO,2023-08-21,Long,CNC,3,3,2930.05,3087.75,3076.55,473.1,5.38,437.07,4.97,8790.150000000001,9263.25,36.03,544b99d0-6628-4fb2-be90-6b9f4ca0af9d,2023-08-21 15:21:18,2023-09-18 09:41:44
11,Aditi,completed,HDFCBANK,2023-08-22,Long,CNC,6,6,1581.5,1645.3,1645.2,382.8,4.03,345.36,3.64,9489,9871.8,37.44,cd609f82-bca0-4ee5-adae-2c1be487c080,2023-08-22 15:21:23,2023-09-13 12:45:23
12,Aditi,completed,BPCL,2023-08-23,Long,CNC,29,29,344.7,355.4,356.15,310.3,3.1,271.72,2.72,9996.3,10306.599999999999,38.58,2be45a20-1f7c-413e-9539-e730ba71351b,2023-08-23 15:21:24,2023-08-29 09:26:39
13,Aditi,completed,GRASIM,2023-08-24,Long,CNC,5,5,1779.15,1844,1844,324.25,3.64,288.14,3.24,8895.75,9220,36.11,e0b5f674-3f8c-4449-bbbd-aa1c6df86593,2023-08-24 15:21:24,2023-09-04 10:30:36
14,Aditi,completed,JSWSTEEL,2023-08-25,Long,CNC,12,12,772.42916667,817.6,820.55,542.05,5.85,504.92,5.45,9269.15000004,9811.2,37.13,dbd5ed8e-e3ab-48a3-966f-ec73777018c0,2023-08-25 15:21:24,2023-09-04 10:29:50
15,Aditi,completed,SUNPHARMA,2023-08-29,Long,CNC,9,9,1111.1,1146.87222222,1147.75,321.95,3.22,283.35,2.83,9999.9,10321.849999979999,38.6,972300df-8166-400f-b486-bbee4908df93,2023-08-29 15:21:23,2023-09-06 10:55:04
16,Aditi,completed,DRREDDY,2023-08-30,Long,CNC,1,1,5644.2,5926.15,5931.3,281.95,5,253.12,4.48,5644.2,5926.15,28.83,cd2bfa64-ee57-477f-a30c-00f332326bd1,2023-08-30 15:21:25,2024-01-03 15:20:45
17,Aditi,completed,ADANIENT,2023-08-31,Long,CNC,4,4,2419,2499.425,2500,321.7,3.32,283.92,2.93,9676,9997.7,37.78,759d9009-0aff-47bc-a7af-0a4e52f624f0,2023-08-31 15:21:23,2023-09-05 12:09:12
18,Aditi,completed,DIVISLAB,2023-09-01,Long,CNC,2,2,3585.2,3700.85,3702.85,231.3,3.23,199.12,2.78,7170.4,7401.7,32.18,802dbf7b-b84f-4bc7-8f7e-90fae28691ff,2023-09-01 15:21:22,2023-09-06 10:55:04
19,Aditi,completed,ITC,2023-09-04,Long,CNC,22,22,437.25,452.25,452.25,330,3.43,292.33,3.04,9619.5,9949.5,37.67,cdfc3e46-ee8f-47f8-8e23-edcbf645d769,2023-09-04 15:21:16,2023-10-12 14:32:34
20,Aditi,completed,HINDUNILVR,2023-09-05,Long,CNC,3,3,2507.4,2652.53333333,2653,435.4,5.79,402.26,5.35,7522.200000000001,7957.59999999,33.14,21dc9154-4403-45a5-8ebf-a4d7890b7161,2023-09-05 15:21:17,2024-01-01 15:20:45
21,Aditi,completed,ADANIENT,2023-09-06,Long,CNC,4,4,2494.95,2618.8,2618.8,495.4,4.96,456.67,4.58,9979.8,10475.2,38.73,6c66e75d-ed03-4faf-a8d5-78b1d3ed7579,2023-09-06 15:21:17,2023-09-11 14:31:15
22,Aditi,completed,ADANIPORTS,2023-09-07,Long,CNC,12,12,809.7,881,880.2,855.6,8.81,817.08,8.41,9716.400000000001,10572,38.52,3724e3e9-3419-4eb0-b9ab-bc71d5dd80b6,2023-09-07 15:21:17,2023-09-11 13:05:02
23,Aditi,completed,EICHERMOT,2023-09-08,Long,CNC,2,2,3371,3513.95,3514.1,285.9,4.24,254.7,3.78,6742,7027.9,31.2,c623ba56-6c2a-491f-8128-58e494006910,2023-09-08 15:21:17,2023-10-12 14:30:58
24,Aditi,completed,CIPLA,2023-09-11,Long,CNC,8,8,1246.8875,1330.2,1330.2,666.5,6.68,627.61,6.29,9975.1,10641.6,38.89,f693a0b3-f152-4f0c-854f-59562611a8ce,2023-09-11 15:21:17,2024-01-10 15:20:01
25,Aditi,completed,M&M,2023-09-12,Long,CNC,6,6,1560.35,1632.425,1634.65,432.45,4.62,395.23,4.22,9362.099999999999,9794.55,37.22,3f8cfe9b-b3c5-4e06-92da-b380231fa274,2023-09-12 15:21:16,2023-09-18 09:53:06
26,Aditi,completed,ADANIENT,2023-09-13,Long,CNC,3,3,2519.95,2658.25,2660.3,414.9,5.49,381.7,5.05,7559.849999999999,7974.75,33.2,5f73cef5-5973-4c30-88a7-6d2c0c5bbc4f,2023-09-13 15:21:16,2023-12-05 09:48:06
27,Aditi,completed,HDFCLIFE,2023-09-14,Long,CNC,15,15,645.3,666.5,666.1,318,3.29,280.21,2.89,9679.5,9997.5,37.79,61c7d0b5-c094-4034-b59d-9bab9388d2d4,2023-09-14 15:21:16,2023-11-21 14:38:49
28,Aditi,completed,BRITANNIA,2023-09-15,Long,CNC,2,2,4534.15,4722.2,4691.55,376.1,4.15,339.57,3.74,9068.3,9444.4,36.53,a05df48f-ec1f-49bf-9f48-2d5afa2897c0,2023-09-15 15:21:16,2023-11-17 09:28:18
29,Aditi,completed,KOTAKBANK,2023-09-18,Long,CNC,5,5,1797.2,1902.9,1902.4,528.5,5.88,492,5.48,8986,9514.5,36.5,08118d6a-62f9-4208-865d-96c0c04e96c4,2023-09-18 15:21:17,2023-12-27 15:20:42
30,Aditi,completed,HDFCBANK,2023-09-20,Long,CNC,6,6,1563.95,1633.45,1634.9,417,4.44,379.75,4.05,9383.7,9800.7,37.25,0f350422-6ad1-46fd-91c3-663e8a81b6a1,2023-09-20 15:21:16,2023-12-05 10:51:37
31,Aditi,completed,JSWSTEEL,2023-09-21,Long,CNC,12,12,779.275,819.25,819.2,479.7,5.13,442.46,4.73,9351.3,9831,37.24,9c2d904f-694c-4c8d-b619-a5345c53b8b2,2023-09-21 15:21:16,2023-12-04 09:31:46
32,Aditi,completed,ULTRACEMCO,2023-09-22,Long,CNC,1,1,8188,8491.75,8481.2,303.75,3.71,269.31,3.29,8188,8491.75,34.44,1b5589c9-1ed9-438c-b2e0-208efd06567b,2023-09-22 15:21:17,2023-11-03 10:23:04
33,Aditi,completed,WIPRO,2023-09-25,Long,CNC,24,24,414.075,431.25,431.5,412.2,4.15,373.65,3.76,9937.8,10350,38.55,7356276e-cc3d-4cfe-8812-66ec1fded200,2023-09-25 15:21:16,2023-12-14 10:02:59
34,Aditi,completed,SBILIFE,2023-09-26,Long,CNC,7,7,1289.95,1346.70714286,1343.95,397.3,4.4,360.83,4,9029.65,9426.95000002,36.47,86b5b259-352a-45cf-8a4e-d9b50a96d5a4,2023-09-26 15:21:16,2023-10-17 11:41:13
35,Aditi,completed,ICICIBANK,2023-09-27,Long,CNC,10,10,943.66,999.4,997.15,557.4,5.91,519.9,5.51,9436.6,9994,37.5,89febb43-1a45-45db-a7d3-aa3d4e189dbe,2023-09-27 15:21:17,2023-12-05 09:40:27
36,Aditi,completed,TECHM,2023-09-28,Long,CNC,8,8,1231.55,1293.3875,1289.6,494.7,5.02,456.25,4.63,9852.4,10347.1,38.45,c2e323ad-9af3-4d14-9e7b-650fb1d8aef2,2023-09-28 15:21:17,2023-12-15 10:37:48
37,Aditi,completed,LTIM,2023-09-29,Long,CNC,1,1,5213.2,5455.25,5454.25,242.05,4.64,214.3,4.11,5213.2,5455.25,27.75,f87237af-00e5-41d9-9c6c-f4e1b6282e83,2023-09-29 15:21:17,2023-10-19 14:58:16
38,Aditi,completed,ADANIENT,2023-10-03,Long,CNC,4,4,2385.45,2485.25,2486.45,399.2,4.18,361.63,3.79,9541.8,9941,37.57,e8b5d46f-f592-4af9-8a9d-b090fb673cb4,2023-10-03 15:21:27,2023-10-06 09:18:29
39,Aditi,completed,M&M,2023-10-04,Long,CNC,6,6,1521.45,1577.45,1578,336,3.68,299.38,3.28,9128.7,9464.7,36.62,ce3d706c-d43e-4302-87c7-71248070563a,2023-10-04 15:21:21,2023-10-17 11:41:15
40,Aditi,completed,CIPLA,2023-10-06,Long,CNC,8,8,1163,1216.75,1215.2,430,4.62,392.91,4.22,9304,9734,37.09,c3ca3cfe-3862-46a0-818f-32a42dd6fbac,2023-10-06 15:21:26,2023-10-18 10:05:37
41,Aditi,completed,HCLTECH,2023-10-12,Long,CNC,8,8,1225.05,1273.55,1268.9,388,3.96,349.88,3.57,9800.4,10188.4,38.12,90654283-2135-4748-8146-79a53b90aa76,2023-10-12 15:21:24,2023-10-16 10:04:51
42,Aditi,completed,SBIN,2023-10-13,Long,CNC,17,17,575.95,602.75,602,455.6,4.65,417.32,4.26,9791.150000000001,10246.75,38.28,d2290250-8591-42d6-8742-a2d6727866c3,2023-10-13 15:21:24,2023-12-05 09:41:13
43,Aditi,completed,DIVISLAB,2023-10-16,Long,CNC,2,2,3645,3864.075,3862.35,438.15,6.01,405.5,5.56,7290,7728.15,32.65,22f2c7bc-28d7-4921-9b7b-b8b690a81ffe,2023-10-16 15:21:24,2023-12-26 15:20:02
44,Aditi,completed,TCS,2023-10-17,Long,CNC,2,2,3507,3786,3770,558,7.96,525.83,7.5,7014,7572,32.17,429b03e1-de4a-4ae6-83f9-29d763ede3e4,2023-10-17 15:21:19,2023-12-15 10:37:48
45,Aditi,completed,ADANIPORTS,2023-10-18,Long,CNC,12,12,798.05,870.1,863.65,864.6,9.03,826.37,8.63,9576.599999999999,10441.2,38.23,6e4e3e51-3732-4bbb-9e33-6050775ba0f9,2023-10-18 15:21:18,2023-12-04 09:35:35
46,Aditi,completed,AXISBANK,2023-10-19,Long,CNC,10,10,990.95,1019.85,1024.35,289,2.92,250.63,2.53,9909.5,10198.5,38.37,9678d4d2-dbc6-4acb-bea6-26cc89793213,2023-10-19 15:21:24,2023-11-08 09:20:46
47,Aditi,completed,TATASTEEL,2023-10-20,Long,CNC,81,81,122.9,131.25,131.65,676.35,6.79,637.49,6.4,9954.9,10631.25,38.86,b4d66cb5-16e7-4aa7-9f76-22d9074cbd1c,2023-10-20 15:21:26,2023-12-04 09:33:18
48,Aditi,completed,HINDALCO,2023-10-23,Long,CNC,21,21,455.7,470.9,471.45,319.2,3.34,281.65,2.94,9569.699999999999,9888.9,37.55,d86d15ad-51d4-48d4-a394-c822135ac539,2023-10-23 15:21:33,2023-10-25 10:27:34
49,Aditi,completed,INFY,2023-10-25,Long,CNC,7,7,1370.35,1437.45,1441.25,469.7,4.9,431.95,4.5,9592.449999999999,10062.15,37.75,59f59bad-47ac-4516-9a0e-9702cd9edbda,2023-10-25 15:21:21,2023-11-17 09:27:32
50,Aditi,completed,UPL,2023-11-03,Long,CNC,18,18,550.35,568.65,568.1,329.4,3.33,291,2.94,9906.300000000001,10235.699999999999,38.4,7f00b75f-356f-4b7d-b0de-0de9631a8464,2023-11-03 15:21:30,2023-11-22 10:11:37
51,Aditi,completed,AXISBANK,2023-11-17,Long,CNC,10,10,994.2,1061.4,1062.65,672,6.76,633.18,6.37,9942,10614,38.82,b6b9efb5-4dcd-4702-9a6d-57eab9dd7d03,2023-11-17 15:21:32,2023-11-29 15:20:47
52,Aditi,completed,ITC,2023-11-20,Long,CNC,22,22,436.55,454.4,454.85,392.7,4.09,355,3.7,9604.1,9996.8,37.7,c0b88313-2ffa-4ece-8a6d-fa18617dbb0e,2023-11-20 15:21:30,2023-12-04 11:35:02
53,Aditi,completed,ADANIENT,2023-11-21,Long,CNC,4,4,2195.45,2350.35,2352.75,619.6,7.06,583.44,6.64,8781.8,9401.4,36.16,60398682-6bd1-4b82-8db7-34d51d06cd71,2023-11-21 15:21:34,2023-11-28 09:44:13
54,Aditi,completed,INDUSINDBK,2023-11-22,Long,CNC,6,6,1470.85,1539.4,1543.25,411.3,4.66,375.26,4.25,8825.099999999999,9236.400000000001,36.04,f535c9b6-7594-41ce-9d19-c42ac3322fe0,2023-11-22 15:21:22,2023-12-14 10:18:14
55,Aditi,completed,CIPLA,2023-11-23,Long,CNC,8,8,1171.25,1222.2625,1222.15,408.1,4.36,370.89,3.96,9370,9778.1,37.21,90510e56-9f18-4c9a-91c9-e852b2ca9313,2023-11-23 15:21:30,2023-12-05 10:16:07
56,Aditi,completed,ULTRACEMCO,2023-11-24,Long,CNC,1,1,8551.3,9111.9,9120.35,560.6,6.56,525,6.14,8551.3,9111.9,35.6,c12010aa-08c3-405a-8ef2-7770f9bdc47a,2023-11-24 15:21:26,2023-12-04 09:31:00
57,Aditi,completed,BAJFINANCE,2023-11-28,Long,CNC,1,1,7129.75,7584.5,7595.05,454.75,6.38,422.43,5.92,7129.75,7584.5,32.32,667ed881-1d29-4b1d-93de-63559596f3dc,2023-11-28 15:21:28,2023-12-18 15:20:41
58,Aditi,completed,POWERGRID,2023-11-30,Long,CNC,47,47,209.4,222.85,222.75,632.15,6.42,593.58,6.03,9841.800000000001,10473.949999999999,38.57,2b46b6cb-7a6b-4003-9005-21961148099f,2023-11-30 15:21:23,2023-12-05 15:19:28
59,Aditi,completed,ADANIENT,2023-12-01,Long,CNC,4,4,2362.15,2523.65,2581.4,646,6.84,608.38,6.44,9448.6,10094.6,37.62,3eb10e74-39ce-47ee-8dcc-f730c482023f,2023-12-01 15:21:25,2023-12-04 09:28:58
60,Aditi,completed,LTIM,2023-12-05,Long,CNC,1,1,5487.85,5901.95,5904.75,414.1,7.55,385.47,7.02,5487.85,5901.95,28.63,d2bfe218-7a07-4726-a1fe-b17c9433a6fe,2023-12-05 15:21:21,2023-12-14 09:53:51
61,Aditi,completed,CIPLA,2023-12-06,Long,CNC,8,8,1204.35,1270.05,1267,525.6,5.46,487.7,5.06,9634.8,10160.4,37.9,f72523d5-8e4a-45c1-aa99-1f5196b8d126,2023-12-06 15:21:18,2024-01-02 10:14:56
62,Aditi,completed,APOLLOHOSP,2023-12-07,Long,CNC,1,1,5458.45,5746.7,5744.85,288.25,5.28,259.81,4.76,5458.45,5746.7,28.44,5c649b07-ac84-4142-9b40-6a2f4b7b8fc6,2023-12-07 15:21:17,2024-01-02 15:20:42
63,Aditi,completed,ONGC,2023-12-08,Long,CNC,51,51,196.1,204.25,204.2,415.65,4.16,376.96,3.77,10001.1,10416.75,38.69,2554d849-0582-4fc7-9431-5da55ddaf6f7,2023-12-08 15:21:18,2023-12-21 10:04:27
64,Aditi,completed,DRREDDY,2023-12-11,Long,CNC,1,1,5475.7,5876.95,5870,401.25,7.33,372.66,6.81,5475.7,5876.95,28.59,3e3432b7-2629-4f8a-88ac-8c34d755126c,2023-12-11 15:21:18,2023-12-28 15:20:02
65,Aditi,completed,INFY,2023-12-13,Long,CNC,6,6,1448,1543.4,1542.2,572.4,6.59,536.49,6.18,8688,9260.400000000001,35.91,0bfb04d2-9893-42fd-b107-c2b3d0dc6fda,2023-12-13 15:21:18,2023-12-15 10:03:43
66,Aditi,completed,SUNPHARMA,2023-12-14,Long,CNC,8,8,1230.8,1294.1,1295.7,506.4,5.14,467.95,4.75,9846.4,10352.8,38.45,f19e2ad8-00aa-414f-ba2a-b4e54086a5b5,2023-12-14 15:21:17,2024-01-02 13:18:11
67,Aditi,completed,BHARTIARTL,2023-12-18,Long,CNC,10,10,990.3,1049.175,1049.9,588.75,5.95,550.09,5.55,9903,10491.75,38.66,34686f9c-eb53-449d-bd79-cc1826702258,2023-12-18 15:21:18,2024-01-04 15:20:44
68,Aditi,completed,MARUTI,2023-12-19,Long,CNC,1,1,10238,10685.1,10703.05,447.1,4.37,407.86,3.98,10238,10685.1,39.24,441b987a-155c-4f0a-8796-aede369a4384,2023-12-19 15:21:22,2024-02-02 12:19:04
69,Aditi,completed,UPL,2023-12-20,Long,CNC,26,26,570.55,587.96346154,587.75,452.75,3.05,403.26,2.72,14834.3,15287.05000004,49.49,9296cd14-adfa-43ad-bbf7-865c5d836f95,2023-12-20 15:21:18,2023-12-26 10:58:09
70,Aditi,completed,SBILIFE,2023-12-21,Long,CNC,10,10,1406.1,1458.35,1457.75,522.5,3.72,474.73,3.38,14061,14583.5,47.77,6cf284f2-c1f2-4744-9fc3-12845fac0354,2023-12-21 15:21:19,2024-02-07 12:19:44
71,Aditi,completed,M&M,2023-12-22,Long,CNC,9,9,1633.65,1736.35,1736.35,924.3,6.29,874.62,5.95,14702.85,15627.15,49.68,ae0a1314-00dc-45ad-9170-1f2b0a70fffa,2023-12-22 15:21:19,2023-12-28 15:04:53
72,Aditi,completed,BAJAJFINSV,2023-12-26,Long,CNC,9,9,1648.65,1697.28888889,1696.25,437.75,2.95,388.27,2.62,14837.85,15275.60000001,49.48,de0d3ef5-dd94-45b7-8450-b04b371c7105,2023-12-26 15:21:19,2024-04-09 09:44:56
73,Aditi,completed,ADANIENT,2023-12-28,Long,CNC,5,5,2813.75,3138.25,3137.7,1622.5,11.53,1573.49,11.18,14068.75,15691.25,49.01,dd13a5b1-cf8d-4faa-9db1-c30c1dd6f3af,2023-12-28 15:21:19,2024-01-03 10:30:11
74,Aditi,completed,AXISBANK,2024-01-01,Long,CNC,13,13,1096.6,1139.75,1140.05,560.95,3.93,512.72,3.6,14255.8,14816.75,48.23,3b788d91-6508-4c87-88a4-0df1c44b2b2c,2024-01-01 15:21:22,2024-01-23 09:34:21
75,Aditi,completed,EICHERMOT,2024-01-02,Long,CNC,3,3,3892.4,4001.85,3995,328.35,2.81,286.02,2.45,11677.2,12005.55,42.33,428bb42e-36cc-4b91-b41b-a552885aae0a,2024-01-02 15:21:19,2024-03-28 12:02:59
76,Aditi,completed,INFY,2024-01-03,Long,CNC,10,10,1489.95,1613.85,1613.05,1239,8.32,1188.59,7.98,14899.5,16138.5,50.41,71f81060-7c4f-40d0-8e23-00428b29e826,2024-01-03 15:21:18,2024-01-12 15:20:05
77,Aditi,completed,LTIM,2024-01-04,Long,CNC,2,2,5867.1,6237.05,6235.75,739.9,6.31,697.03,5.94,11734.2,12474.1,42.87,d8c6d695-0f8f-4b8f-a235-d28390dc11c9,2024-01-04 15:21:19,2024-01-12 15:20:06
78,Aditi,completed,TCS,2024-01-04,Long,CNC,4,4,3665.1,3883.05,3880.9,871.8,5.95,822.27,5.61,14660.4,15532.2,49.53,03187ce3-d1cb-4f2d-9098-3ba99a5a8ae5,2024-01-04 15:21:20,2024-01-12 15:20:07
79,Aditi,completed,JSWSTEEL,2024-01-05,Long,CNC,18,18,830.35,859.6,857.25,526.5,3.52,476.7,3.19,14946.300000000001,15472.800000000001,49.8,53985597-f265-43c8-957a-cda94374763e,2024-01-05 15:21:20,2024-04-01 09:51:20
80,Aditi,completed,M&M,2024-01-05,Long,CNC,9,9,1641.1,1702,1701,548.1,3.71,498.66,3.38,14769.9,15318,49.44,bd7f5857-a4e1-4604-ae29-ce235a45e2f1,2024-01-05 15:21:21,2024-02-05 13:14:45
81,Aditi,completed,ULTRACEMCO,2024-01-10,Long,CNC,1,1,9772.65,10250.3,10249.5,477.65,4.89,439.39,4.5,9772.65,10250.3,38.26,a5fae6e1-f9a5-4fe8-9b37-345a21130e58,2024-01-10 15:21:20,2024-01-29 14:36:22
82,Aditi,completed,SBIN,2024-01-10,Long,CNC,24,24,621.8,648.41875,648.05,638.85,4.28,588.99,3.95,14923.199999999999,15562.050000000001,49.86,0f73f662-b7e6-4df2-9f1f-d14958d4470f,2024-01-10 15:21:21,2024-02-01 13:02:43
83,Aditi,completed,MARUTI,2024-01-12,Long,CNC,1,1,9970,10605.05,10612.9,635.05,6.37,596.2,5.98,9970,10605.05,38.85,a63ec230-3652-4706-bc9f-a310eb6556bd,2024-01-12 15:21:21,2024-02-01 11:30:38
84,Aditi,completed,NESTLEIND,2024-01-15,Long,CNC,5,5,2548.85,2629.58,2629.8,403.65,3.17,358.95,2.82,12744.25,13147.9,44.7,decdc8f1-3026-46d6-8b02-677a73b2d1e3,2024-01-15 15:21:20,2024-03-28 13:01:07
85,Aditi,completed,HDFCLIFE,2024-01-16,Long,CNC,24,24,611.55,632.15,636,494.4,3.37,445.21,3.03,14677.199999999999,15171.599999999999,49.19,2081aaa5-1daa-4b3d-8b40-9987747b3561,2024-01-16 15:21:20,2024-03-18 09:43:32
86,Aditi,completed,HINDALCO,2024-01-17,Long,CNC,26,26,558.55,579.4,581.45,542.1,3.73,493.2,3.4,14522.3,15064.4,48.9,18377ae9-8c2c-4e40-a670-9898f811d79e,2024-01-17 15:21:21,2024-01-30 10:43:35
87,Aditi,completed,DIVISLAB,2024-01-18,Long,CNC,4,4,3698.7,3820.5,3806.25,487.2,3.29,437.76,2.96,14794.8,15282,49.44,fd1b406a-cc5a-40a8-b508-4f4d2f912a97,2024-01-18 15:21:35,2024-04-09 10:10:50
88,Aditi,completed,INDUSINDBK,2024-01-23,Long,CNC,10,10,1438.95,1511.55,1514.2,726,5.05,677.2,4.71,14389.5,15115.5,48.8,40b58b8a-243c-4212-abf0-231366d932dd,2024-01-23 15:21:20,2024-01-25 09:34:29
89,Aditi,completed,HINDUNILVR,2024-01-23,Long,CNC,6,6,2375.05,2484.25,2482.95,655.2,4.6,606.89,4.26,14250.300000000001,14905.5,48.31,9dd8e795-36d2-47c6-81b9-3da0356b4474,2024-01-23 15:21:21,2024-01-30 10:42:04
90,Aditi,completed,BAJFINANCE,2024-01-30,Long,CNC,2,2,6816.9,7260.3,7233.45,886.8,6.5,839.58,6.16,13633.8,14520.6,47.22,6a9f16c8-c37b-4e2c-911b-33e481ade375,2024-01-30 15:21:21,2024-03-28 10:33:26
91,Aditi,completed,HDFCLIFE,2024-01-31,Long,CNC,26,26,576.35,606.45,605.9,782.6,5.22,732.46,4.89,14985.1,15767.7,50.14,b946ff39-c60b-46ba-8c14-3b486a9a388c,2024-01-31 15:21:20,2024-02-07 12:18:58
92,Aditi,completed,LT,2024-02-01,Long,CNC,4,4,3399.95,3568.4,3531.6,673.8,4.95,626.87,4.61,13599.8,14273.6,46.93,9e477df1-1363-430e-b618-a5d20d4697a1,2024-02-01 15:21:22,2024-03-01 09:42:07
93,Aditi,completed,HDFCBANK,2024-02-02,Long,CNC,10,10,1445,1517.35,1519.55,723.5,5.01,674.57,4.67,14450,15173.5,48.93,53b5b0c1-1238-426e-9ddf-80da6cedc8cd,2024-02-02 15:21:20,2024-04-04 09:33:37
94,Aditi,completed,UPL,2024-02-05,Long,CNC,31,31,472.4,497.35,497.15,773.45,5.28,724.05,4.94,14644.4,15417.85,49.4,22b4d7bb-c6a9-463b-87c2-05ae88fd2cce,2024-02-05 15:21:23,2024-02-19 15:20:11
95,Aditi,completed,ITC,2024-02-07,Long,CNC,34,34,431.8,444.41323529,443.95,428.85,2.92,379.72,2.59,14681.2,15110.049999859999,49.13,5382fea1-c562-4b39-8b2c-e1508c75df81,2024-02-07 15:21:19,2024-05-07 11:11:00
96,Aditi,completed,NESTLEIND,2024-02-08,Long,CNC,6,6,2425.1,2542.93333333,2545,707,4.86,657.87,4.52,14550.599999999999,15257.59999998,49.13,da6d5f3b-1ee1-4e6e-aed0-6bbead6c310b,2024-02-08 15:21:21,2024-02-21 12:02:51
97,Aditi,completed,HINDALCO,2024-02-21,Long,CNC,29,29,511.95,525.5,525.9,392.95,2.65,343.5,2.31,14846.55,15239.5,49.45,4f0c0656-a25a-4637-9437-2276694c32ed,2024-02-21 15:21:20,2024-03-05 13:03:14
98,Aditi,completed,HEROMOTOCO,2024-02-21,Long,CNC,3,3,4531.7,4695.25,4690.5,490.65,3.61,443.91,3.27,13595.099999999999,14085.75,46.74,8bbc9b68-8716-47df-b02e-dc3c7b2d0da0,2024-02-21 15:21:22,2024-03-11 09:28:59
99,Aditi,completed,ADANIENT,2024-03-12,Long,CNC,4,4,3116.95,3213.25,3205,385.2,3.09,341.11,2.74,12467.8,12853,44.09,3cad4369-8a1a-45f4-813a-da5ebd8c6e5c,2024-03-12 15:21:20,2024-03-28 14:11:49
100,Aditi,completed,APOLLOHOSP,2024-03-12,Long,CNC,2,2,6139.55,6365.25,6362.55,451.4,3.68,407.65,3.32,12279.1,12730.5,43.75,9c51e20f-d09e-47bf-97fe-c1afcec9ef5a,2024-03-12 15:21:22,2024-03-22 14:27:39
101,Aditi,completed,ADANIPORTS,2024-03-13,Long,CNC,12,12,1206.575,1265.3,1263.9,704.7,4.87,655.73,4.53,14478.900000000001,15183.599999999999,48.97,9ca4c30b-0c2a-47a5-97a3-2567dfe5a37b,2024-03-13 15:21:20,2024-03-14 12:07:20
102,Aditi,completed,POWERGRID,2024-03-13,Long,CNC,56,56,263.45,273.2,273.6,546,3.7,496.59,3.37,14753.199999999999,15299.199999999999,49.41,3a23d4c1-8134-4909-bfb0-e6663c1cf923,2024-03-13 15:21:21,2024-03-21 14:57:44
103,Aditi,completed,NTPC,2024-03-18,Long,CNC,47,47,316.88297872,324.5,325.45,358,2.4,308.48,2.07,14893.49999984,15251.5,49.52,a0313e8e-7ca8-457f-a4d3-10160b0b931c,2024-03-18 15:21:20,2024-03-21 15:22:19
104,Aditi,completed,BPCL,2024-03-18,Long,CNC,25,25,581.7,599.266,603.4,439.15,3.02,390.3,2.68,14542.500000000002,14981.65,48.85,3519010d-43ea-406d-b02c-e10fbc866dce,2024-03-18 15:21:21,2024-03-22 10:27:45
105,Aditi,completed,UPL,2024-04-01,Long,CNC,32,32,466.35,484.95,485.35,595.2,3.99,545.38,3.65,14923.2,15518.4,49.82,b3fd7265-e10b-4409-abd5-e78834209485,2024-04-01 15:21:20,2024-04-04 12:17:11
106,Aditi,completed,HINDUNILVR,2024-04-02,Long,CNC,6,6,2286.75,2349.1,2356,374.1,2.73,327.21,2.38,13720.5,14094.599999999999,46.89,eeb99bbd-1cfb-4a4d-b43b-4a3d5251303d,2024-04-02 15:21:13,2024-05-07 10:42:50
107,Aditi,completed,UPL,2024-04-05,Long,CNC,30,30,494.5,506.6,507.9,363,2.45,313.6,2.11,14835,15198,49.4,b51fe106-e757-4f5f-8c97-fe0312ca92f9,2024-04-05 15:21:20,2024-04-26 09:55:39
108,Aditi,completed,HEROMOTOCO,2024-04-10,Long,CNC,3,3,4497.8,4793.9666666699995,4667.55,888.5,6.58,841.58,6.24,13493.400000000001,14381.900000009999,46.92,c97661c6-e1ad-480e-9b6d-4c344dbda32e,2024-04-10 15:21:21,2024-05-09 09:21:28
109,Aditi,completed,KOTAKBANK,2024-04-26,Long,CNC,9,9,1608.15,1658.8,1653.85,455.85,3.15,407.14,2.81,14473.35,14929.199999999999,48.71,7c42ec84-d21d-49be-9c34-ad782657d2b0,2024-04-26 15:21:20,2024-05-09 09:22:15
110,Aditi,completed,INDUSINDBK,2024-04-26,Long,CNC,10,10,1447.925,1499.6,1495.45,516.75,3.57,467.96,3.23,14479.25,14996,48.79,a15ee828-6cd3-4ff8-9460-0e20830b577f,2024-04-26 15:21:22,2024-04-30 09:51:49
111,Aditi,completed,ADANIENT,2024-05-07,Long,CNC,5,5,2834.15,2953.25,2956.35,595.5,4.2,547.42,3.86,14170.75,14766.25,48.08,500eed38-1a05-4a3b-88a2-a4ba3a0d7de4,2024-05-07 15:21:22,2024-05-14 11:17:53
112,Aditi,completed,LT,2024-05-09,Long,CNC,4,4,3275.25,3374,3384.95,395,3.02,349.42,2.67,13101,13496,45.58,cb13d844-7d60-4215-93b5-61c3fe3f7c5a,2024-05-09 15:21:19,2024-05-15 09:58:36
113,Aditi,completed,HDFCLIFE,2024-05-10,Long,CNC,27,27,548.55,564.7,563.6,436.05,2.94,386.63,2.61,14810.849999999999,15246.900000000001,49.42,d643be82-2302-4199-a4b1-e6b8b83485b1,2024-05-10 15:21:20,2024-05-14 10:23:47
114,Aditi,completed,TATASTEEL,2024-07-22,Long,CNC,93,93,160.32569892,168.03,168.13,716.5,4.81,666.59,4.47,14910.28999956,15626.79,49.91,2c7f33f1-53c7-4a04-b446-7f963f425f66,2024-07-22 15:21:19,2024-08-01 09:44:38
115,Aditi,completed,WIPRO,2024-07-22,Long,CNC,29,29,505.9,526.8,527,606.1,4.13,556.81,3.8,14671.099999999999,15277.199999999999,49.29,134bc4a0-d18c-4e62-aa76-510521351b8e,2024-07-22 15:21:20,2024-07-29 11:46:01
116,Aditi,completed,AXISBANK,2024-07-25,Long,CNC,12,12,1178.1,1213.65,1212.8,426.6,3.02,378.76,2.68,14137.199999999999,14563.800000000001,47.84,3ae301cb-66f1-4403-9cde-362c6f078c05,2024-07-25 15:21:19,2024-09-13 12:23:29
117,Aditi,completed,HINDALCO,2024-07-25,Long,CNC,23,23,647.45,675.25,675.25,639.4,4.29,589.6,3.96,14891.35,15530.75,49.8,9fa39282-d050-4ebc-b154-151c4a650623,2024-07-25 15:21:21,2024-07-29 11:45:15
118,Aditi,completed,NESTLEIND,2024-07-29,Long,CNC,6,6,2471.95,2539.1,2541.95,402.9,2.72,353.47,2.38,14831.699999999999,15234.599999999999,49.43,5157765d-b6e3-43e7-9416-6e591ff750f8,2024-07-29 15:21:19,2024-08-21 11:10:54
119,Aditi,completed,HINDALCO,2024-07-29,Long,CNC,22,22,666.25,684.6,684.5,403.7,2.75,354.64,2.42,14657.5,15061.2,49.06,d82a3386-c51c-4693-8931-30a57993ac44,2024-07-29 15:21:21,2024-08-01 09:45:24
120,Aditi,completed,WIPRO,2024-07-30,Long,CNC,28,28,521.25,535.75,537.1,406,2.78,357.08,2.45,14595,15001,48.92,2e9cdc16-e8bd-4ee8-8718-999ae384bc78,2024-07-30 15:21:21,2024-08-28 12:03:48
121,Aditi,completed,BAJFINANCE,2024-07-31,Long,CNC,2,2,6796.95,7040,7036.55,486.1,3.58,439.37,3.23,13593.9,14080,46.73,98e7c6d5-4102-4b09-8d7e-2ee9e4b9f486,2024-07-31 15:21:19,2024-08-29 11:04:51
122,Aditi,completed,HEROMOTOCO,2024-08-01,Long,CNC,2,2,5370.7,5551,5578.2,360.6,3.36,320.37,2.98,10741.4,11102,40.23,3faf1e43-5dd2-4f10-af07-0aea86aede9c,2024-08-01 15:21:19,2024-09-03 09:26:33
123,Aditi,completed,HINDALCO,2024-08-02,Long,CNC,23,23,648.45,668.8,668,468.05,3.14,418.38,2.81,14914.35,15382.4,49.67,d45a07b5-9627-4663-9677-098acc4eed0c,2024-08-02 15:21:19,2024-08-20 12:11:19
124,Aditi,completed,TATASTEEL,2024-08-02,Long,CNC,94,94,158.45,163.9,163.7,512.3,3.44,462.62,3.11,14894.3,15406.6,49.68,6fc471f8-3e50-4547-9318-03c92106745c,2024-08-02 15:21:20,2024-09-26 11:32:08
125,Aditi,completed,GRASIM,2024-08-05,Long,CNC,5,5,2612.15,2744,2738.15,659.25,5.05,613.49,4.7,13060.75,13720,45.76,a9d65609-be9b-4e8d-bdfd-bffb711cc9f5,2024-08-05 15:21:18,2024-08-22 09:33:24
126,Aditi,completed,SBIN,2024-08-06,Long,CNC,18,18,797.25,821.15,821.8,430.2,3,381.9,2.66,14350.5,14780.699999999999,48.3,2f568b9c-7cda-4403-b9f3-fae4c68974fb,2024-08-06 15:21:19,2024-08-20 13:09:34
127,Aditi,completed,EICHERMOT,2024-08-07,Long,CNC,3,3,4601.75,4777.25,4774,526.5,3.81,479.27,3.47,13805.25,14331.75,47.23,08e59cb1-88b0-427f-a3de-a4378e184e4d,2024-08-07 15:21:19,2024-08-09 10:51:16
128,Aditi,completed,WIPRO,2024-08-08,Long,CNC,30,30,486.8,508.33333333,506.25,646,4.42,596.82,4.09,14604,15249.999999900001,49.18,e2382deb-7ec1-4c19-8dd6-70693a71b79f,2024-08-08 15:21:19,2024-08-16 10:11:07
129,Aditi,completed,TATASTEEL,2024-08-09,Long,CNC,98,98,151.75,159.04,159.25,714.42,4.8,664.59,4.47,14871.5,15585.92,49.83,ff9775bf-75ec-4762-8f38-069af3260749,2024-08-09 15:21:19,2024-09-24 10:29:43
130,Aditi,completed,INDUSINDBK,2024-08-12,Long,CNC,11,11,1350.15454545,1393.1,1394.45,472.4,3.18,422.86,2.85,14851.699999949999,15324.099999999999,49.54,a3f77b2f-cfb5-40a4-9ba6-e9944c489666,2024-08-12 15:21:19,2024-08-22 09:34:10
131,Aditi,completed,BAJFINANCE,2024-08-13,Long,CNC,2,2,6466.25,6673,6678.7,413.5,3.2,368.26,2.85,12932.5,13346,45.24,2eb643f2-752d-4811-88a7-793b4d2acb53,2024-08-13 15:21:19,2024-08-20 10:02:52
132,Aditi,completed,DIVISLAB,2024-08-16,Long,CNC,3,3,4631.9,4918,4920,858.3,6.18,810.55,5.83,13895.699999999999,14754,47.75,e733a6ef-7a09-442b-9c05-8aa31eac283c,2024-08-16 15:21:19,2024-08-21 11:10:08
133,Aditi,completed,MARUTI,2024-08-20,Long,CNC,1,1,12202.05,12656.95,12662.8,454.9,3.73,411.31,3.37,12202.05,12656.95,43.59,775159e2-51b9-4028-bdd7-f43d56d0cbc9,2024-08-20 15:21:19,2024-09-20 12:41:56
134,Aditi,completed,ULTRACEMCO,2024-08-21,Long,CNC,1,1,11199.95,11651.3,11632.8,451.35,4.03,410.04,3.66,11199.95,11651.3,41.31,5665784d-4038-4805-b882-a132e5e52c07,2024-08-21 15:21:19,2024-09-12 14:18:26
135,Aditi,completed,POWERGRID,2024-08-21,Long,CNC,44,44,336.8,347.5,346.7,470.8,3.18,421.33,2.84,14819.2,15290,49.47,a2f136f5-b8c7-40fc-aaf8-c294793c5b10,2024-08-21 15:21:21,2024-09-24 10:29:44
136,Aditi,completed,M&M,2024-08-22,Long,CNC,5,5,2734,2818.18,2819.75,420.9,3.08,374.07,2.74,13670,14090.9,46.83,a625d1ca-7fac-471a-a69b-27b6f7cd6f87,2024-08-22 15:21:18,2024-09-18 10:37:27
137,Aditi,completed,ADANIENT,2024-08-23,Long,CNC,4,4,3074.9,3185.4,3185.9,442,3.59,398.21,3.24,12299.6,12741.6,43.79,44f9193d-426d-4344-a91a-0c687950b683,2024-08-23 15:21:19,2024-10-01 15:18:26
138,Aditi,completed,SBIN,2024-08-23,Long,CNC,18,18,815.75,851.35,849.75,640.8,4.36,591.45,4.03,14683.5,15324.300000000001,49.35,e883b54b-fb21-454b-9846-a819ae83d3c9,2024-08-23 15:21:21,2024-11-06 09:47:20
139,Aditi,completed,KOTAKBANK,2024-08-29,Long,CNC,8,8,1775.94375,1830.3,1829.8,434.85,3.06,386.85,2.72,14207.55,14642.4,48,e86416f2-343e-45a9-ac86-f85fe0c10161,2024-08-29 15:21:19,2024-09-13 09:48:31
140,Aditi,completed,NESTLEIND,2024-08-30,Long,CNC,5,5,2500.55,2588.95,2588.65,442,3.54,397.78,3.18,12502.75,12944.75,44.22,17e28ce2-5e03-43f3-a21f-785e7da20383,2024-08-30 15:21:19,2024-09-18 15:04:24
141,Aditi,completed,HDFCLIFE,2024-09-13,Long,CNC,21,21,705.05,724.15,724.4,401.1,2.71,351.73,2.38,14806.05,15207.15,49.37,e6a2901b-504c-4433-9757-7627c1aaa590,2024-09-13 15:21:20,2024-09-26 10:20:59
142,Aditi,completed,BPCL,2024-09-17,Long,CNC,44,44,338.45,357.1,357.2,820.6,5.51,770.62,5.17,14891.8,15712.400000000001,49.98,aeee391e-62ae-4ee5-b1fb-2f0ed9bdd575,2024-09-17 15:21:19,2024-09-27 11:18:28
143,Aditi,completed,ONGC,2024-09-18,Long,CNC,51,51,290.3,299.55,299.95,471.75,3.19,422.31,2.85,14805.300000000001,15277.050000000001,49.44,67e06261-a259-45ac-a2fc-78020815367d,2024-09-18 15:21:19,2024-09-25 09:19:58
144,Aditi,completed,TCS,2024-09-19,Long,CNC,3,3,4294.3,4470.2,4473.5,527.7,4.1,482.46,3.74,12882.900000000001,13410.599999999999,45.24,e5a7d585-ba84-4657-bf88-adb58af208df,2024-09-19 15:21:19,2024-12-05 15:18:29
145,Aditi,completed,COALINDIA,2024-09-20,Long,CNC,30,30,490.76666666999995,503.65,504.5,386.5,2.63,337.32,2.29,14723.000000099999,15109.5,49.18,e1bc6006-bea9-4eb3-9be2-9b1ceccf170d,2024-09-20 15:21:20,2024-09-24 11:34:13
146,Aditi,completed,GRASIM,2024-09-23,Long,CNC,5,5,2666.95,2789.55,2800.5,613,4.6,566.7,4.25,13334.75,13947.75,46.3,f861452c-f971-4308-9fa7-630420b112b8,2024-09-23 15:21:19,2024-09-27 11:18:29
147,Aditi,completed,INFY,2024-09-24,Long,CNC,7,7,1900.05,1962.65,1963.4,438.2,3.29,392.15,2.95,13300.35,13738.550000000001,46.05,ace573ca-1eab-4e4b-af62-123abc0e39ed,2024-09-24 15:21:19,2024-10-09 10:39:40
148,Aditi,completed,LTIM,2024-09-25,Long,CNC,2,2,6100.5,6366.15,6355,531.3,4.35,487.64,4,12201,12732.3,43.66,bb2be5b0-a6eb-4fd1-8307-fa76197d90da,2024-09-25 15:21:19,2024-10-08 14:04:46
149,Aditi,completed,CIPLA,2024-09-26,Long,CNC,9,9,1625.05,1690,1696,584.55,4,535.38,3.66,14625.449999999999,15210,49.17,ab0149e8-9857-457f-a7d4-4063288cc2a7,2024-09-26 15:21:19,2024-10-09 14:29:00
150,Aditi,completed,TECHM,2024-09-27,Long,CNC,9,9,1607.6222222200001,1659,1659.9,462.4,3.2,413.69,2.86,14468.59999998,14931,48.71,bd4574f8-3d74-4dcf-8157-63f31b765aa7,2024-09-27 15:21:19,2024-10-09 09:43:25
151,Aditi,completed,LT,2024-10-03,Long,CNC,4,4,3499.9,3621.55,3621.75,486.6,3.48,438.99,3.14,13999.6,14486.2,47.61,fdc13d07-4413-4beb-a890-4335f16bcddd,2024-10-03 15:21:19,2024-11-06 13:51:55
152,Aditi,completed,TITAN,2024-10-08,Long,CNC,4,4,3492.8,3544.8,3549.5,208,1.49,160.73,1.15,13971.2,14179.2,47.27,284785ae-23e1-4e55-9abd-d34878f09eb7,2024-10-08 15:21:19,2025-06-09 10:07:51
153,Aditi,completed,AXISBANK,2024-10-08,Long,CNC,13,13,1152.88076923,1185.8,1186.3,427.95,2.86,378.16,2.52,14987.44999999,15415.4,49.79,4eb1d8af-1192-4459-9533-ac2bf811ccff,2024-10-08 15:21:21,2024-10-10 14:41:09
154,Aditi,completed,BAJFINANCE,2024-10-15,Long,CNC,2,2,7019.3,7395.8,7388.2,753,5.36,705.04,5.02,14038.6,14791.6,47.96,a348d3dc-c029-4355-8ab5-41802336595c,2024-10-15 15:21:18,2025-01-02 15:20:12
155,Aditi,completed,TRENT,2024-11-06,Long,CNC,2,2,6944.6,7322.65,7329.7,756.1,5.44,708.46,5.1,13889.2,14645.3,47.64,065ccb44-394d-4bf7-9cd3-897afb601757,2024-11-06 15:21:19,2025-01-02 15:20:13
156,Aditi,completed,HINDALCO,2024-11-07,Long,CNC,23,23,648.9,667.25,667.6,422.05,2.83,372.4,2.5,14924.699999999999,15346.75,49.65,7e700d55-544e-4158-b617-7d3e60db8218,2024-11-07 15:21:19,2024-12-05 12:47:20
157,Aditi,completed,HDFCLIFE,2024-12-05,Long,CNC,23,23,645,664.65,663.75,451.95,3.05,402.46,2.71,14835,15286.949999999999,49.49,3fbc236f-662b-44f7-9e03-45ee5d3254e5,2024-12-05 15:21:21,2025-03-19 15:09:15
158,Aditi,completed,HINDALCO,2025-01-03,Long,CNC,25,25,591.2,626.75,625.85,888.75,6.01,838.94,5.68,14780.000000000002,15668.75,49.81,b1622285-dbcb-44aa-9c15-5d47b14fd0eb,2025-01-03 15:21:19,2025-02-19 15:20:20
159,Aditi,completed,ITC,2025-02-20,Long,CNC,37,37,402.15,414.20675675999996,414.2,446.1,3,396.52,2.66,14879.55,15325.650000119998,49.58,eee5367f-3fa7-4a25-aaaa-dceedb774187,2025-02-20 15:21:22,2025-03-13 11:27:42
160,Aditi,completed,TRENT,2025-02-20,Long,CNC,2,2,5097.6,5431.15,5423.45,667.1,6.54,627.74,6.16,10195.2,10862.3,39.36,b5dfb483-542b-4c31-88a8-7bc7494dd733,2025-02-20 15:21:23,2025-03-27 15:20:21
161,Aditi,completed,WIPRO,2025-03-13,Long,CNC,56,56,264.15,271.05,272.7,386.4,2.61,337.07,2.28,14792.399999999998,15178.800000000001,49.33,e035bdb7-832e-47f4-b8f1-a355d37ddc87,2025-03-13 15:21:26,2025-03-25 10:38:58
162,Aditi,completed,INFY,2025-03-13,Long,CNC,9,9,1581.05,1630.55,1629.4,445.5,3.13,397.44,2.79,14229.449999999999,14674.949999999999,48.06,ce0ae4eb-e64f-49f7-a081-1172a3e994b7,2025-03-13 15:21:28,2025-03-25 14:14:57
